id,ST_NUM,date1,Id_M,value1
1,1163294430,7/4/2025 00:00:00,13,-2
2,1149086827,7/4/2025 00:00:00,8,-1
3,1152782312,7/4/2025 00:00:00,8,-1
4,1150953592,7/4/2025 00:00:00,8,-1
5,1150758926,7/4/2025 00:00:00,8,-1
6,1151403720,7/4/2025 00:00:00,8,-1
7,1151940606,7/4/2025 00:00:00,8,-1
8,1152246904,7/4/2025 00:00:00,8,-1
9,1161918113,7/4/2025 00:00:00,13,-2
10,1159625274,7/4/2025 00:00:00,13,-2
11,1159318326,7/4/2025 00:00:00,13,-2
12,1162706368,7/4/2025 00:00:00,13,-2
13,1161452485,7/4/2025 00:00:00,13,-2
14,1161452485,7/4/2025 00:00:00,13,-2
15,1157678820,7/4/2025 00:00:00,13,-2
16,1152688501,7/4/2025 00:00:00,4,-1
17,1152246904,7/4/2025 00:00:00,4,-1
18,1154327678,7/4/2025 00:00:00,4,-1
19,1151403720,7/4/2025 00:00:00,4,-1
20,1159625274,7/4/2025 00:00:00,16,-2
21,1159208121,7/4/2025 00:00:00,16,-2
22,1163294430,7/4/2025 00:00:00,13,-2
23,1162600850,7/4/2025 00:00:00,13,-2
24,1160782288,7/4/2025 00:00:00,13,-2
25,1162254278,7/4/2025 00:00:00,13,-2
26,1160959076,7/4/2025 00:00:00,13,-2
27,1162565111,7/4/2025 00:00:00,13,-2
28,1155114778,7/4/2025 00:00:00,13,-2
29,1152834535,7/4/2025 00:00:00,4,-1
30,1158821031,7/4/2025 00:00:00,13,-2
31,1162565111,7/4/2025 00:00:00,13,-2
32,1157990712,7/4/2025 00:00:00,13,-2
33,1162279986,7/4/2025 00:00:00,13,-2
34,1159085933,7/4/2025 00:00:00,13,-2
35,1150953592,7/4/2025 00:00:00,13,-2
36,1159492444,8/4/2025 00:00:00,13,-2
37,1162565111,8/4/2025 00:00:00,8,-1
38,1159968500,8/4/2025 00:00:00,8,-1
39,1157990712,8/4/2025 00:00:00,8,-1
40,1154938185,8/4/2025 00:00:00,13,-2
42,1148534116,8/4/2025 00:00:00,5,-1
43,1151663216,8/4/2025 00:00:00,20,-2
47,1152127039,8/4/2025 00:00:00,18,-2
48,1152037857,8/4/2025 00:00:00,18,-2
49,1151766068,8/4/2025 00:00:00,8,-1
50,1156164079,8/4/2025 00:00:00,13,-2
52,1151663216,8/4/2025 00:00:00,13,-2
53,1160322374,8/4/2025 00:00:00,13,-2
54,1162565111,9/4/2025 00:00:00,16,-2
56,1152445159,9/4/2025 00:00:00,49,-10
58,1151108113,9/4/2025 00:00:00,13,-2
59,1152436463,9/4/2025 00:00:00,13,-2
60,1153191513,9/4/2025 00:00:00,13,-2
61,1154938185,9/4/2025 00:00:00,13,-2
62,1163065137,9/4/2025 00:00:00,13,-2
63,1152445159,9/4/2025 00:00:00,5,-1
64,1160692404,9/4/2025 00:00:00,7,-1
65,1161813215,9/4/2025 00:00:00,3,-1
66,1158223147,9/4/2025 00:00:00,13,-2
67,1156863597,9/4/2025 00:00:00,13,-2
68,1154158719,9/4/2025 00:00:00,13,-2
69,1148534116,9/4/2025 00:00:00,4,-1
70,1161557069,9/4/2025 00:00:00,13,-2
71,1161156078,9/4/2025 00:00:00,3,-1
72,1162516106,9/4/2025 00:00:00,5,-1
73,1152319842,9/4/2025 00:00:00,5,-1
74,1158136125,9/4/2025 00:00:00,5,-1
75,1150493755,9/4/2025 00:00:00,24,-3
76,1161918113,9/4/2025 00:00:00,16,-2
77,1162254278,9/4/2025 00:00:00,16,-2
78,1155312075,10/4/2025 00:00:00,18,-2
79,1157950567,10/4/2025 00:00:00,18,-2
80,1163065137,10/4/2025 00:00:00,13,-2
81,1153838477,10/4/2025 00:00:00,13,-2
82,1148771452,10/4/2025 00:00:00,13,-2
83,1160723621,10/4/2025 00:00:00,3,-1
85,1152445159,10/4/2025 00:00:00,24,-3
87,1155333147,10/4/2025 00:00:00,13,-2
88,1162875783,10/4/2025 00:00:00,20,-2
89,1157658095,10/4/2025 00:00:00,13,-2
90,1157658095,10/4/2025 00:00:00,13,-2
91,1157658095,10/4/2025 00:00:00,13,-2
92,1157658095,10/4/2025 00:00:00,13,-2
93,1157658095,10/4/2025 00:00:00,13,-2
94,1160895387,10/4/2025 00:00:00,13,-2
95,1162772857,10/4/2025 00:00:00,13,-2
96,1159843455,10/4/2025 00:00:00,13,-2
98,1163294430,10/4/2025 00:00:00,24,-3
99,1152445159,10/4/2025 00:00:00,13,-2
100,1148771452,10/4/2025 00:00:00,13,-2
101,1162279986,10/4/2025 00:00:00,13,-2
102,1148771452,10/4/2025 00:00:00,24,-3
103,1162875783,10/4/2025 00:00:00,13,-2
104,1162100851,10/4/2025 00:00:00,7,-1
105,1152445159,13/4/2025 00:00:00,13,-2
106,1163065137,13/4/2025 00:00:00,13,-2
107,1156863597,13/4/2025 00:00:00,16,-2
108,1163294406,13/4/2025 00:00:00,16,-2
109,1162333510,13/4/2025 00:00:00,16,-2
110,1163056672,13/4/2025 00:00:00,16,-2
111,1153090897,13/4/2025 00:00:00,13,-2
112,1152127039,13/4/2025 00:00:00,16,-2
113,1154246324,13/4/2025 00:00:00,5,-1
114,1152037857,13/4/2025 00:00:00,5,-1
116,1152520381,13/4/2025 00:00:00,9,-1
117,1151663216,13/4/2025 00:00:00,20,-2
118,1159625274,13/4/2025 00:00:00,13,-2
119,1162516106,13/4/2025 00:00:00,13,-2
120,1162565111,13/4/2025 00:00:00,13,-2
121,1162565111,13/4/2025 00:00:00,5,-1
122,1152834535,13/4/2025 00:00:00,5,-1
123,1153324619,13/4/2025 00:00:00,5,-1
124,1162254278,13/4/2025 00:00:00,9,-1
125,1163056672,13/4/2025 00:00:00,20,-2
126,1160723621,13/4/2025 00:00:00,13,-2
127,1162798746,13/4/2025 00:00:00,13,-2
128,1162100851,13/4/2025 00:00:00,13,-2
129,1156164079,13/4/2025 00:00:00,13,-2
131,1156653600,13/4/2025 00:00:00,3,-1
134,1151108113,13/4/2025 00:00:00,5,-1
135,1153090897,13/4/2025 00:00:00,24,-3
136,1163056672,13/4/2025 00:00:00,13,-2
137,1152127039,13/4/2025 00:00:00,5,-1
138,1161452485,13/4/2025 00:00:00,49,-10
139,1162446767,13/4/2025 00:00:00,13,-2
140,1154343089,13/4/2025 00:00:00,3,-1
141,1162100851,14/4/2025 00:00:00,13,-2
142,1161534555,14/4/2025 00:00:00,13,-2
143,1162798746,14/4/2025 00:00:00,13,-2
144,1159845294,14/4/2025 00:00:00,13,-2
145,1158198448,14/4/2025 00:00:00,13,-2
146,1162754848,14/4/2025 00:00:00,13,-2
147,1162538027,14/4/2025 00:00:00,13,-2
148,1162320673,14/4/2025 00:00:00,13,-2
149,1159962586,14/4/2025 00:00:00,13,-2
150,1161813215,14/4/2025 00:00:00,13,-2
151,1162100851,14/4/2025 00:00:00,13,-2
152,1161681182,14/4/2025 00:00:00,13,-2
153,1160055016,14/4/2025 00:00:00,13,-2
154,1160109078,14/4/2025 00:00:00,13,-2
155,1162391096,14/4/2025 00:00:00,13,-2
156,1161957434,14/4/2025 00:00:00,13,-2
157,1154158719,14/4/2025 00:00:00,13,-2
158,1156863597,14/4/2025 00:00:00,13,-2
159,1162516106,14/4/2025 00:00:00,13,-2
160,1157813393,14/4/2025 00:00:00,13,-2
161,1154830861,14/4/2025 00:00:00,15,-2
162,1158136125,14/4/2025 00:00:00,13,-2
163,1154889768,14/4/2025 00:00:00,13,-2
164,1152834535,14/4/2025 00:00:00,13,-2
165,1153324619,14/4/2025 00:00:00,13,-2
166,1151766068,14/4/2025 00:00:00,13,-2
167,1151002407,14/4/2025 00:00:00,13,-2
168,1153638711,14/4/2025 00:00:00,13,-2
169,1152600308,14/4/2025 00:00:00,13,-2
170,1149867275,14/4/2025 00:00:00,13,-2
172,1162391096,14/4/2025 00:00:00,13,-2
173,1162516106,14/4/2025 00:00:00,13,-2
174,1161156078,14/4/2025 00:00:00,13,-2
175,1163056672,14/4/2025 00:00:00,13,-2
176,1152610372,14/4/2025 00:00:00,13,-2
177,1161156078,16/4/2025 00:00:00,13,-2
178,1162279986,16/4/2025 00:00:00,13,-2
179,1162565111,16/4/2025 00:00:00,13,-2
180,1159085933,16/4/2025 00:00:00,13,-2
181,1159397643,16/4/2025 00:00:00,13,-2
182,1159625274,16/4/2025 00:00:00,13,-2
183,1163065137,16/4/2025 00:00:00,13,-2
184,1151619820,16/4/2025 00:00:00,13,-2
186,1163294406,16/4/2025 00:00:00,8,-1
188,1149867275,16/4/2025 00:00:00,8,-1
190,1150084208,16/4/2025 00:00:00,8,-1
191,1150910477,16/4/2025 00:00:00,20,-2
192,1152838056,16/4/2025 00:00:00,20,-2
195,1162279986,16/4/2025 00:00:00,21,-2
196,1159968500,16/4/2025 00:00:00,21,-2
197,1153526726,16/4/2025 00:00:00,4,-1
198,1151940606,16/4/2025 00:00:00,20,-2
199,1148534116,16/4/2025 00:00:00,14,-2
200,1150945218,16/4/2025 00:00:00,4,-1
201,1152090724,16/4/2025 00:00:00,13,-2
202,1163294406,16/4/2025 00:00:00,13,-2
203,1152248843,16/4/2025 00:00:00,13,-2
204,1153020662,16/4/2025 00:00:00,13,-2
205,1162391096,16/4/2025 00:00:00,18,-2
206,1163065137,16/4/2025 00:00:00,13,-2
207,1152090575,16/4/2025 00:00:00,13,-2
208,1152436463,16/4/2025 00:00:00,13,-2
209,1150237400,16/4/2025 00:00:00,13,-2
210,1153882194,16/4/2025 00:00:00,13,-2
211,1151456884,16/4/2025 00:00:00,13,-2
212,1153016363,16/4/2025 00:00:00,13,-2
214,1158336469,17/4/2025 00:00:00,13,-2
215,1162279986,17/4/2025 00:00:00,5,-1
217,1161918113,17/4/2025 00:00:00,20,-2
218,1157813393,17/4/2025 00:00:00,13,-2
219,1154158719,17/4/2025 00:00:00,3,-1
220,1151957394,17/4/2025 00:00:00,13,-2
221,1156897553,17/4/2025 00:00:00,20,-2
222,1161557069,17/4/2025 00:00:00,20,-2
223,1160570485,17/4/2025 00:00:00,20,-2
224,1160692404,17/4/2025 00:00:00,20,-2
225,1159208121,17/4/2025 00:00:00,24,-3
226,1159625274,17/4/2025 00:00:00,13,-2
227,1153526726,20/4/2025 00:00:00,5,-1
228,1153526726,20/4/2025 00:00:00,13,-2
229,1153090897,20/4/2025 00:00:00,13,-2
231,1157950567,20/4/2025 00:00:00,13,-2
232,1156897553,20/4/2025 00:00:00,13,-2
233,1161813215,20/4/2025 00:00:00,3,-1
234,1163294430,20/4/2025 00:00:00,16,-2
235,1163159344,20/4/2025 00:00:00,16,-2
236,1160778021,20/4/2025 00:00:00,16,-2
237,1152297824,20/4/2025 00:00:00,13,-2
238,1152297824,12/5/2023 00:00:00,24,-3
239,1151957394,20/4/2025 00:00:00,13,-2
240,1162391096,20/4/2025 00:00:00,13,-2
241,1160723621,20/4/2025 00:00:00,13,-2
242,1152392328,20/4/2025 00:00:00,13,-2
243,1153020662,20/4/2025 00:00:00,13,-2
244,1152952766,20/4/2025 00:00:00,13,-2
245,1152838056,20/4/2025 00:00:00,6,-1
246,1155783184,20/4/2025 00:00:00,13,-2
247,1154634040,20/4/2025 00:00:00,13,-2
248,1158009264,20/4/2025 00:00:00,13,-2
249,1157150457,20/4/2025 00:00:00,13,-2
250,1158136125,20/4/2025 00:00:00,13,-2
253,1163056672,20/4/2025 00:00:00,13,-2
254,1159859394,20/4/2025 00:00:00,13,-2
255,1161452485,20/4/2025 00:00:00,13,-2
256,1162279986,20/4/2025 00:00:00,13,-2
257,1149867275,20/4/2025 00:00:00,18,-2
258,1163056672,20/4/2025 00:00:00,13,-2
261,1155186750,20/4/2025 00:00:00,13,-2
262,1162254278,20/4/2025 00:00:00,16,-2
263,1162798746,20/4/2025 00:00:00,16,-2
266,1149609859,21/4/2025 00:00:00,13,-2
267,2526281411,21/4/2025 00:00:00,13,-2
269,1159625274,21/4/2025 00:00:00,16,-2
270,1159392503,21/4/2025 00:00:00,13,-2
272,1157275130,21/4/2025 00:00:00,20,-2
273,1156970939,21/4/2025 00:00:00,20,-2
275,1152610372,21/4/2025 00:00:00,13,-2
276,1154946444,21/4/2025 00:00:00,20,-2
277,1150910477,21/4/2025 00:00:00,20,-2
278,1163294406,21/4/2025 00:00:00,20,-2
279,1159392503,21/4/2025 00:00:00,13,-2
280,1162254278,21/4/2025 00:00:00,17,-2
281,1159208121,21/4/2025 00:00:00,17,-2
282,1162565111,2/5/2024 00:00:00,20,-2
283,1158705911,2/5/2024 00:00:00,20,-2
284,1152445159,21/4/2025 00:00:00,13,-2
286,1152445159,21/4/2025 00:00:00,26,-3
287,1163065137,21/4/2025 00:00:00,26,-3
288,1162279986,21/4/2025 00:00:00,24,-3
292,1163294430,21/4/2025 00:00:00,4,-1
293,1158317071,21/4/2025 00:00:00,4,-1
294,1163159344,21/4/2025 00:00:00,4,-1
296,1152319842,21/4/2025 00:00:00,23,-3
297,1161321391,21/4/2025 00:00:00,23,-3
298,1152319842,21/4/2025 00:00:00,23,-3
299,1159859394,21/4/2025 00:00:00,13,-2
300,1162863573,21/4/2025 00:00:00,13,-2
301,1163056672,21/4/2025 00:00:00,13,-2
302,1162516106,21/4/2025 00:00:00,13,-2
303,1153090897,21/4/2025 00:00:00,16,-2
304,1153324619,21/4/2025 00:00:00,16,-2
305,1155210246,21/4/2025 00:00:00,8,-1
306,1146450976,21/4/2025 00:00:00,13,-2
307,1152838056,21/4/2025 00:00:00,13,-2
309,1152610372,21/4/2025 00:00:00,13,-2
312,1162565111,22/4/2025 00:00:00,13,-1
313,1161918113,22/4/2025 00:00:00,13,-2
314,1161557069,22/4/2025 00:00:00,13,-2
315,1162754848,22/4/2025 00:00:00,13,-2
316,1161404189,22/4/2025 00:00:00,13,-2
317,1161156078,22/4/2025 00:00:00,13,-2
318,1163056672,22/4/2025 00:00:00,13,-2
319,1159625274,22/4/2025 00:00:00,13,-2
320,1162516106,22/4/2025 00:00:00,13,-2
321,1162706368,22/4/2025 00:00:00,13,-2
323,1155783184,22/4/2025 00:00:00,13,-2
324,1158916989,22/4/2025 00:00:00,13,-2
325,1155247313,22/4/2025 00:00:00,13,-2
326,1158883759,22/4/2025 00:00:00,13,-2
327,1157206531,22/4/2025 00:00:00,13,-2
328,1156522326,22/4/2025 00:00:00,13,-2
329,1156115667,22/4/2025 00:00:00,16,-2
330,1156391060,22/4/2025 00:00:00,16,-2
331,1159043544,22/4/2025 00:00:00,5,-1
332,1159345246,22/4/2025 00:00:00,5,-1
333,1149457739,22/4/2025 00:00:00,8,-1
334,1152688501,22/4/2025 00:00:00,8,-1
335,1153020662,22/4/2025 00:00:00,18,-2
336,1163294406,22/4/2025 00:00:00,18,-2
337,1152392328,22/4/2025 00:00:00,18,-2
338,1164925792,22/4/2025 00:00:00,18,-2
339,1156653600,22/4/2025 00:00:00,13,-2
340,1158705911,22/4/2025 00:00:00,13,-2
341,1155754656,22/4/2025 00:00:00,5,-1
342,1151980008,22/4/2025 00:00:00,5,-1
344,1150953592,22/4/2025 00:00:00,5,-1
347,1151403720,22/4/2025 00:00:00,5,-1
348,1151940606,22/4/2025 00:00:00,5,-1
349,1155333147,22/4/2025 00:00:00,5,-1
350,1154270266,22/4/2025 00:00:00,5,-1
351,1162600850,22/4/2025 00:00:00,5,-1
352,1163056672,22/4/2025 00:00:00,13,-2
353,1149867275,22/4/2025 00:00:00,18,-2
354,1161557069,22/4/2025 00:00:00,13,-2
355,1158136125,29/7/2016 00:00:00,13,-2
356,1155949892,29/7/2016 00:00:00,13,-2
357,1155949892,29/7/2016 00:00:00,20,-2
358,1163294430,22/4/2025 00:00:00,13,-2
359,1158317071,22/4/2025 00:00:00,13,-2
360,1159843455,22/4/2025 00:00:00,13,-2
361,1162875783,22/4/2025 00:00:00,13,-2
362,1160778021,22/4/2025 00:00:00,13,-2
363,1161186265,22/4/2025 00:00:00,13,-2
364,1160957138,22/4/2025 00:00:00,13,-2
365,1155783184,22/4/2025 00:00:00,15,-2
366,1163056672,22/4/2025 00:00:00,13,-2
367,1162516106,22/4/2025 00:00:00,13,-2
368,1157950567,22/4/2025 00:00:00,13,-2
369,1148771452,22/4/2025 00:00:00,13,-2
370,1151940606,22/4/2025 00:00:00,13,-2
371,1163065137,22/4/2025 00:00:00,13,-2
372,1152090575,22/4/2025 00:00:00,13,-2
373,1154186132,22/4/2025 00:00:00,13,-2
374,1160322374,22/4/2025 00:00:00,13,-2
375,1162754848,22/4/2025 00:00:00,16,-2
377,1153838477,22/4/2025 00:00:00,13,-2
378,1153040447,22/4/2025 00:00:00,13,-2
379,1149818575,22/4/2025 00:00:00,13,-2
380,1163056672,22/4/2025 00:00:00,13,-2
381,1152718308,22/4/2025 00:00:00,13,-2
383,1151086566,22/4/2025 00:00:00,13,-2
384,1153882194,22/4/2025 00:00:00,13,-2
385,1153108020,22/4/2025 00:00:00,13,-2
386,1151456884,22/4/2025 00:00:00,13,-2
387,1153640063,22/4/2025 00:00:00,13,-2
388,2063614547,22/4/2025 00:00:00,13,-2
389,1163065137,22/4/2025 00:00:00,15,-2
391,1163056672,22/4/2025 00:00:00,13,-2
392,1161918113,22/4/2025 00:00:00,13,-2
393,1162765059,22/4/2025 00:00:00,13,-2
394,1155247313,22/4/2025 00:00:00,13,-2
395,1154766453,22/4/2025 00:00:00,13,-2
396,1163056672,23/4/2025 00:00:00,24,-3
397,1150910477,23/4/2025 00:00:00,8,-1
398,1163294406,23/4/2025 00:00:00,8,-1
400,1152686406,23/4/2025 00:00:00,13,-2
401,1159401817,23/4/2025 00:00:00,3,-1
402,1163056672,23/4/2025 00:00:00,19,-2
403,1152127039,23/4/2025 00:00:00,13,-2
405,1159625274,23/4/2025 00:00:00,55,-15
406,1151957394,23/4/2025 00:00:00,4,-1
408,1162516106,23/4/2025 00:00:00,45,-10
409,1161374408,23/4/2025 00:00:00,55,-15
410,1154869661,23/4/2025 00:00:00,18,-2
412,1161918113,23/4/2025 00:00:00,13,-2
413,1158705911,23/4/2025 00:00:00,20,-2
415,1159843455,23/4/2025 00:00:00,20,-2
416,1160895387,23/4/2025 00:00:00,20,-2
417,1161186265,23/4/2025 00:00:00,20,-2
418,1161053440,23/4/2025 00:00:00,13,-2
420,1151108113,23/4/2025 00:00:00,13,-2
422,1150953592,23/4/2025 00:00:00,13,-2
425,1155186776,23/4/2025 00:00:00,4,-1
426,1153324619,23/4/2025 00:00:00,4,-1
427,1154647711,23/4/2025 00:00:00,4,-1
428,1159845294,23/4/2025 00:00:00,4,-1
429,1150945218,23/4/2025 00:00:00,4,-1
430,1154556516,23/4/2025 00:00:00,4,-1
431,1161681182,23/4/2025 00:00:00,13,-2
432,1163294406,23/4/2025 00:00:00,13,-2
434,1152392328,23/4/2025 00:00:00,13,-2
436,1152834535,23/4/2025 00:00:00,5,-1
437,1148905886,23/4/2025 00:00:00,5,-1
438,1154827156,23/4/2025 00:00:00,24,-3
440,1158198448,23/4/2025 00:00:00,13,-2
441,1153882194,23/4/2025 00:00:00,13,-2
442,1148395708,23/4/2025 00:00:00,13,-2
443,1151938998,23/4/2025 00:00:00,13,-2
444,1159634581,23/4/2025 00:00:00,13,-2
445,1154557571,23/4/2025 00:00:00,13,-2
446,1152681555,23/4/2025 00:00:00,4,-1
447,1160778021,23/4/2025 00:00:00,16,-2
448,1157658095,23/4/2025 00:00:00,16,-2
449,1156949693,23/4/2025 00:00:00,13,-2
450,1158883759,23/4/2025 00:00:00,13,-2
451,1154360711,23/4/2025 00:00:00,13,-2
452,1158916989,23/4/2025 00:00:00,13,-2
453,1156522326,23/4/2025 00:00:00,13,-2
454,1157827302,23/4/2025 00:00:00,13,-2
455,1155205873,23/4/2025 00:00:00,13,-2
456,1156369439,23/4/2025 00:00:00,13,-2
459,1153040447,23/4/2025 00:00:00,13,-2
461,1153831670,23/4/2025 00:00:00,13,-2
463,1149457739,23/4/2025 00:00:00,13,-2
464,1161156078,24/4/2025 00:00:00,13,-2
465,1163159344,24/4/2025 00:00:00,16,-2
466,1153090897,24/4/2025 00:00:00,24,-3
469,1151957394,24/4/2025 00:00:00,13,-2
470,1162100851,24/4/2025 00:00:00,24,-3
471,1162600850,24/4/2025 00:00:00,13,-2
472,1155472879,24/4/2025 00:00:00,18,-2
473,1152392328,24/4/2025 00:00:00,18,-2
474,1155472879,24/4/2025 00:00:00,18,-2
475,1152392328,24/4/2025 00:00:00,18,-2
476,1160667653,24/4/2025 00:00:00,13,-2
477,1162875783,24/4/2025 00:00:00,13,-2
478,1161557069,24/4/2025 00:00:00,13,-2
479,1151940606,24/4/2025 00:00:00,16,-2
482,1151957394,24/4/2025 00:00:00,13,-2
483,1153882194,24/4/2025 00:00:00,13,-2
484,1152445159,24/4/2025 00:00:00,13,-2
485,1153016363,24/4/2025 00:00:00,13,-2
486,1158198448,24/4/2025 00:00:00,13,-2
487,1161557069,24/4/2025 00:00:00,13,-2
488,1162538027,24/4/2025 00:00:00,13,-2
489,1162600850,24/4/2025 00:00:00,13,-2
490,1150953592,24/4/2025 00:00:00,13,-2
493,1162754848,27/4/2025 00:00:00,4,-1
495,1150953592,27/4/2025 00:00:00,13,-2
496,1154830861,27/4/2025 00:00:00,16,-2
497,1163065137,27/4/2025 00:00:00,13,-2
498,1153090897,27/4/2025 00:00:00,13,-2
499,1149609859,27/4/2025 00:00:00,13,-2
500,1162565111,27/4/2025 00:00:00,54,-15
501,1152392328,27/4/2025 00:00:00,8,-1
502,1152834535,27/4/2025 00:00:00,13,-2
503,1148534116,27/4/2025 00:00:00,13,-2
504,1154889768,27/4/2025 00:00:00,13,-2
505,1162100851,27/4/2025 00:00:00,13,-2
507,1152445159,27/4/2025 00:00:00,3,-1
508,1152445159,27/4/2025 00:00:00,13,-2
509,1155312075,27/4/2025 00:00:00,13,-2
510,1155760554,27/4/2025 00:00:00,13,-2
511,1148534116,27/4/2025 00:00:00,13,-2
512,1163065137,27/4/2025 00:00:00,13,-2
513,1162279986,27/4/2025 00:00:00,6,-1
514,1152520381,27/4/2025 00:00:00,13,-2
515,1160824882,27/4/2025 00:00:00,5,-1
516,1158705911,27/4/2025 00:00:00,5,-1
517,1162254278,27/4/2025 00:00:00,6,-1
518,1151858451,27/4/2025 00:00:00,20,-2
519,1159799483,27/4/2025 00:00:00,5,-1
520,1160312458,27/4/2025 00:00:00,5,-1
521,1164320283,27/4/2025 00:00:00,6,-1
522,1156949693,27/4/2025 00:00:00,13,-2
523,1154766453,27/4/2025 00:00:00,13,-2
524,1158883759,27/4/2025 00:00:00,13,-2
525,1163156704,27/4/2025 00:00:00,6,-1
526,1164925792,27/4/2025 00:00:00,4,-1
527,1153324619,27/4/2025 00:00:00,4,-1
528,1152952766,27/4/2025 00:00:00,4,-1
529,1148534116,27/4/2025 00:00:00,4,-1
530,1152127039,27/4/2025 00:00:00,4,-1
531,1150084208,27/4/2025 00:00:00,4,-1
532,1153090897,27/4/2025 00:00:00,4,-1
533,1149415323,27/4/2025 00:00:00,4,-1
534,1154246324,27/4/2025 00:00:00,4,-1
535,1152037857,27/4/2025 00:00:00,4,-1
536,1163294406,27/4/2025 00:00:00,4,-1
537,1151766068,27/4/2025 00:00:00,4,-1
538,1162254278,27/4/2025 00:00:00,5,-1
540,1151403720,27/4/2025 00:00:00,13,-2
541,1152297824,27/4/2025 00:00:00,13,-2
542,1153355365,27/4/2025 00:00:00,7,-1
543,1153880354,27/4/2025 00:00:00,13,-2
544,1157275130,27/4/2025 00:00:00,13,-2
546,1149609859,27/4/2025 00:00:00,5,-2
548,1161452485,27/4/2025 00:00:00,13,-2
549,1151619820,27/4/2025 00:00:00,20,-2
550,1161452485,27/4/2025 00:00:00,13,-2
551,1163056672,27/4/2025 00:00:00,13,-2
553,1153638711,27/4/2025 00:00:00,13,-2
554,1163294406,27/4/2025 00:00:00,13,-2
555,1159859394,27/4/2025 00:00:00,13,-2
556,1160570485,28/4/2025 00:00:00,13,-2
558,1151940606,28/4/2025 00:00:00,4,-1
562,1152392328,28/4/2025 00:00:00,13,-2
563,1153880354,28/4/2025 00:00:00,13,-2
564,1154679904,28/4/2025 00:00:00,20,-2
566,1162391096,28/4/2025 00:00:00,13,-2
567,1158913259,28/4/2025 00:00:00,13,-2
568,1161632987,28/4/2025 00:00:00,13,-2
569,1161560436,28/4/2025 00:00:00,13,-2
570,1160723621,28/4/2025 00:00:00,13,-2
571,1162100851,28/4/2025 00:00:00,13,-2
572,1162203952,28/4/2025 00:00:00,13,-2
573,1161156078,28/4/2025 00:00:00,13,-2
574,1152445159,28/4/2025 00:00:00,13,-2
575,1152445159,28/4/2025 00:00:00,16,-2
576,1161918113,28/4/2025 00:00:00,20,-2
577,1160723621,28/4/2025 00:00:00,6,-1
578,1163065137,28/4/2025 00:00:00,13,-2
579,1157678820,28/4/2025 00:00:00,13,-2
580,1157678820,28/4/2025 00:00:00,20,-2
581,1158136125,28/4/2025 00:00:00,3,-1
582,1158136125,28/4/2025 00:00:00,13,-2
583,1152782312,28/4/2025 00:00:00,13,-2
585,1152520381,28/4/2025 00:00:00,8,-1
586,1153191513,28/4/2025 00:00:00,8,-1
587,1156164079,28/4/2025 00:00:00,13,-2
588,1156115667,28/4/2025 00:00:00,13,-2
589,1155394610,28/4/2025 00:00:00,13,-2
590,1156077727,28/4/2025 00:00:00,13,-2
591,1161728488,28/4/2025 00:00:00,13,-2
593,1157678820,28/4/2025 00:00:00,13,-2
594,1157767607,28/4/2025 00:00:00,13,-2
595,1154828246,28/4/2025 00:00:00,13,-2
597,1162600850,28/4/2025 00:00:00,13,-2
598,1162203952,28/4/2025 00:00:00,13,-2
599,1162100851,28/4/2025 00:00:00,13,-2
601,1150557195,29/4/2025 00:00:00,5,-1
602,1161813215,29/4/2025 00:00:00,3,-1
603,1162320673,29/4/2025 00:00:00,4,-1
604,1153090897,29/4/2025 00:00:00,6,-1
605,1150084208,29/4/2025 00:00:00,4,-1
606,1152127039,29/4/2025 00:00:00,4,-1
607,1148534116,29/4/2025 00:00:00,4,-1
608,1152774426,29/4/2025 00:00:00,4,-1
609,1163294406,29/4/2025 00:00:00,8,-1
610,1149867275,29/4/2025 00:00:00,8,-1
611,1152838056,29/4/2025 00:00:00,8,-1
612,1150910477,29/4/2025 00:00:00,8,-1
613,1159625274,29/4/2025 00:00:00,13,-2
614,1159401817,29/4/2025 00:00:00,13,-2
615,1162526477,29/4/2025 00:00:00,13,-2
616,1161918113,29/4/2025 00:00:00,13,-2
617,1159318326,29/4/2025 00:00:00,13,-2
618,1161156078,29/4/2025 00:00:00,13,-2
619,1150557195,29/4/2025 00:00:00,13,-2
621,1155294018,29/4/2025 00:00:00,26,-3
622,1162254278,29/4/2025 00:00:00,13,-2
623,1156115667,29/4/2025 00:00:00,13,-2
624,1156391060,29/4/2025 00:00:00,13,-2
625,1152952766,29/4/2025 00:00:00,4,-1
626,1155783184,29/4/2025 00:00:00,6,-1
627,1158136125,29/4/2025 00:00:00,49,-10
628,1152297824,29/4/2025 00:00:00,13,-2
629,1153880354,29/4/2025 00:00:00,13,-2
631,1161452485,29/4/2025 00:00:00,26,-3
633,1152952766,29/4/2025 00:00:00,13,-2
634,1164925792,29/4/2025 00:00:00,20,-2
635,1148534116,29/4/2025 00:00:00,13,-2
636,1152037857,29/4/2025 00:00:00,13,-2
637,1152127039,29/4/2025 00:00:00,13,-2
638,1163294406,29/4/2025 00:00:00,13,-2
639,1150945218,29/4/2025 00:00:00,13,-2
640,1151766068,29/4/2025 00:00:00,4,-1
641,1150084208,29/4/2025 00:00:00,4,-1
643,1162254278,29/4/2025 00:00:00,16,-2
644,1161813215,29/4/2025 00:00:00,16,-2
646,1148771452,29/4/2025 00:00:00,13,-2
647,1152436463,29/4/2025 00:00:00,13,-2
648,1151456884,29/4/2025 00:00:00,4,-1
649,1148395708,29/4/2025 00:00:00,4,-1
650,1153640063,29/4/2025 00:00:00,20,-2
651,1163065137,29/4/2025 00:00:00,23,-3
652,1152445159,29/4/2025 00:00:00,24,-3
653,1159208121,29/4/2025 00:00:00,6,-1
654,1160959076,29/4/2025 00:00:00,13,-2
655,1152823728,29/4/2025 00:00:00,13,-2
656,1151403720,29/4/2025 00:00:00,13,-2
659,1151940606,29/4/2025 00:00:00,17,-2
660,1151858451,29/4/2025 00:00:00,13,-2
661,1150561817,29/4/2025 00:00:00,13,-2
662,1148395708,29/4/2025 00:00:00,13,-2
663,1153882194,29/4/2025 00:00:00,12,-2
664,1162754848,29/4/2025 00:00:00,12,-2
665,1154246324,29/4/2025 00:00:00,16,-2
666,1150084208,29/4/2025 00:00:00,16,-2
667,1151403720,29/4/2025 00:00:00,16,-2
668,1156255281,29/4/2025 00:00:00,13,-2
669,1165642164,29/4/2025 00:00:00,13,-2
670,1155581232,29/4/2025 00:00:00,13,-2
671,1162254278,16/8/2015 00:00:00,5,-1
672,1162565111,30/4/2025 00:00:00,5,-1
673,1162565111,30/4/2025 00:00:00,5,-1
674,1159397643,30/4/2025 00:00:00,6,-1
675,1163294406,30/4/2025 00:00:00,20,-2
677,1161918113,30/4/2025 00:00:00,16,-2
678,1162754848,30/4/2025 00:00:00,16,-2
679,1161404189,30/4/2025 00:00:00,16,-2
680,1162706368,30/4/2025 00:00:00,16,-2
681,1149867275,30/4/2025 00:00:00,13,-2
682,1149768903,30/4/2025 00:00:00,13,-2
684,1156970939,30/4/2025 00:00:00,18,-2
686,1159625274,30/4/2025 00:00:00,13,-2
687,1154274631,30/4/2025 00:00:00,13,-2
690,1152782312,30/4/2025 00:00:00,13,-2
691,1150557195,30/4/2025 00:00:00,13,-2
692,1151108113,30/4/2025 00:00:00,13,-2
693,1152688501,30/4/2025 00:00:00,13,-2
694,1165642164,30/4/2025 00:00:00,13,-2
696,1164654145,30/4/2025 00:00:00,13,-2
697,1163294430,30/4/2025 00:00:00,13,-2
698,1158336469,30/4/2025 00:00:00,13,-2
699,1162798746,30/4/2025 00:00:00,16,-2
700,1162203952,30/4/2025 00:00:00,16,-2
701,1151940606,30/4/2025 00:00:00,24,-3
702,1155115726,30/4/2025 00:00:00,4,-1
703,1158223147,30/4/2025 00:00:00,4,-1
704,1156171355,30/4/2025 00:00:00,4,-1
705,1157713957,30/4/2025 00:00:00,4,-1
706,1150945218,30/4/2025 00:00:00,13,-2
707,1151766068,30/4/2025 00:00:00,13,-2
708,1149901009,30/4/2025 00:00:00,16,-2
710,1151403720,30/4/2025 00:00:00,4,-1
711,1151238456,30/4/2025 00:00:00,20,-2
712,1162526477,30/4/2025 00:00:00,13,-2
713,1159401817,30/4/2025 00:00:00,13,-2
715,1162333510,30/4/2025 00:00:00,20,-2
717,1158336469,30/4/2025 00:00:00,13,-2
719,1152246904,1/5/2025 00:00:00,4,-1
720,1161156078,1/5/2025 00:00:00,24,-3
721,1160778021,1/5/2025 00:00:00,16,-2
722,1150910477,1/5/2025 00:00:00,13,-2
723,1148534116,1/5/2025 00:00:00,13,-2
725,1152090575,1/5/2025 00:00:00,16,-2
726,1159927852,1/5/2025 00:00:00,6,-1
727,1161728488,1/5/2025 00:00:00,13,-2
728,1153634983,1/5/2025 00:00:00,13,-2
729,1155581232,1/5/2025 00:00:00,13,-2
730,1151086566,1/5/2025 00:00:00,16,-2
731,1152037857,1/5/2025 00:00:00,16,-2
732,1155472879,1/5/2025 00:00:00,18,-2
735,1152543672,1/5/2025 00:00:00,12,-2
737,1161156078,1/5/2025 00:00:00,13,-2
738,1162516106,1/5/2025 00:00:00,13,-2
739,1162254278,1/5/2025 00:00:00,13,-2
740,1159625274,1/5/2025 00:00:00,13,-2
741,1159108420,1/5/2025 00:00:00,13,-2
742,1162706368,1/5/2025 00:00:00,13,-2
743,1159299492,1/5/2025 00:00:00,13,-2
744,1157767607,1/5/2025 00:00:00,13,-2
745,1161374408,1/5/2025 00:00:00,13,-2
746,1162765059,1/5/2025 00:00:00,13,-2
747,1162754848,1/5/2025 00:00:00,16,-2
748,1159843455,1/5/2025 00:00:00,8,-1
749,1152010110,1/5/2025 00:00:00,13,-2
750,1161804552,1/5/2025 00:00:00,13,-2
751,1151911185,1/5/2025 00:00:00,13,-2
752,1149804807,1/5/2025 00:00:00,13,-2
753,1152445159,1/5/2025 00:00:00,7,-1
755,1151238456,1/5/2025 00:00:00,13,-2
756,1149355073,1/5/2025 00:00:00,4,-1
757,1160723621,1/5/2025 00:00:00,13,-2
758,1157678820,1/5/2025 00:00:00,13,-2
759,1156653600,1/5/2025 00:00:00,20,-2
761,1155472879,1/5/2025 00:00:00,18,-2
762,1154158719,1/5/2025 00:00:00,18,-2
763,1155312075,1/5/2025 00:00:00,18,-2
764,1157950567,1/5/2025 00:00:00,18,-2
765,1152543672,1/5/2025 00:00:00,13,-2
766,1162254278,1/5/2025 00:00:00,13,-2
767,1161374408,1/5/2025 00:00:00,13,-2
768,1164654145,1/5/2025 00:00:00,13,-2
769,1161374408,1/5/2025 00:00:00,13,-2
770,1159208121,1/5/2025 00:00:00,13,-2
771,1162254278,6/5/2025 00:00:00,13,-2
772,1163056672,6/5/2025 00:00:00,13,-2
775,1151766068,6/5/2025 00:00:00,4,-1
776,1149457739,6/5/2025 00:00:00,8,-1
777,1151086566,6/5/2025 00:00:00,8,-1
778,1151452024,6/5/2025 00:00:00,19,-2
780,1154946444,6/5/2025 00:00:00,20,-2
782,1156970939,6/5/2025 00:00:00,20,-2
783,1152686406,6/5/2025 00:00:00,20,-2
784,1158136125,6/5/2025 00:00:00,13,-2
785,1151938998,7/5/2025 00:00:00,24,-3
786,1162320673,7/5/2025 00:00:00,24,-3
787,1161534555,7/5/2025 00:00:00,6,-1
788,1152543672,7/5/2025 00:00:00,13,-2
790,1151108113,7/5/2025 00:00:00,5,-1
792,1153040447,7/5/2025 00:00:00,13,-2
793,1150557195,7/5/2025 00:00:00,13,-2
796,1153324619,7/5/2025 00:00:00,4,-1
798,1163159344,7/5/2025 00:00:00,6,-1
799,1161557069,7/5/2025 00:00:00,6,-1
800,1161557069,7/5/2025 00:00:00,20,-2
801,1158009264,7/5/2025 00:00:00,20,-2
803,1153838477,7/5/2025 00:00:00,13,-2
804,1152688501,7/5/2025 00:00:00,13,-2
805,1150561817,7/5/2025 00:00:00,13,-2
806,1154830861,7/5/2025 00:00:00,13,-2
807,1161813215,7/5/2025 00:00:00,13,-2
809,1162875783,7/5/2025 00:00:00,3,-1
810,1163972407,8/5/2025 00:00:00,6,-1
812,1161809767,8/5/2025 00:00:00,6,-1
813,1161452485,8/5/2025 00:00:00,6,-1
814,1161863863,8/5/2025 00:00:00,6,-1
815,1162706368,8/5/2025 00:00:00,6,-1
816,1165297126,8/5/2025 00:00:00,6,-1
817,1161918113,8/5/2025 00:00:00,13,-2
818,1152543672,11/5/2025 00:00:00,13,-2
819,1162798746,11/5/2025 00:00:00,5,-1
820,1154946444,11/5/2025 00:00:00,8,-1
821,1161918113,11/5/2025 00:00:00,20,-2
822,1161813215,11/5/2025 00:00:00,13,-1
825,1156643403,11/5/2025 00:00:00,13,-2
826,1155333147,11/5/2025 00:00:00,5,-1
827,1157218890,11/5/2025 00:00:00,5,-1
828,1156653600,11/5/2025 00:00:00,20,-2
829,1154946444,11/5/2025 00:00:00,15,-2
830,1152838056,11/5/2025 00:00:00,13,-2
831,1162516106,11/5/2025 00:00:00,13,-2
832,1161156078,11/5/2025 00:00:00,13,-2
833,1162526477,11/5/2025 00:00:00,16,-2
834,1161557069,11/5/2025 00:00:00,5,-1
835,1159625274,11/5/2025 00:00:00,13,-2
836,1159043544,11/5/2025 00:00:00,13,-2
837,1160895387,12/5/2025 00:00:00,16,-2
838,1152543672,13/5/2025 00:00:00,15,-2
839,1161077951,13/5/2025 00:00:00,13,-2
842,1156255281,13/5/2025 00:00:00,49,-10
844,1157678820,13/5/2025 00:00:00,13,-2
846,1162875783,13/5/2025 00:00:00,13,-2
847,1162799033,13/5/2025 00:00:00,13,-2
848,1152543672,13/5/2025 00:00:00,13,-2
849,1161632987,13/5/2025 00:00:00,13,-2
851,1152543672,13/5/2025 00:00:00,13,-2
852,1161918113,14/5/2025 00:00:00,5,-1
853,1156373605,14/5/2025 00:00:00,13,-2
854,1156255281,14/5/2025 00:00:00,13,-2
855,1156921908,14/5/2025 00:00:00,13,-2
856,1154158719,14/5/2025 00:00:00,13,-2
857,1161156078,14/5/2025 00:00:00,13,-2
858,1159625274,14/5/2025 00:00:00,13,-2
859,1161728488,14/5/2025 00:00:00,13,-2
860,1163056672,14/5/2025 00:00:00,13,-2
861,1163294406,14/5/2025 00:00:00,4,-1
862,1160667703,14/5/2025 00:00:00,4,-1
863,1153324619,14/5/2025 00:00:00,11,-1
864,1163294406,14/5/2025 00:00:00,13,-2
866,1151536958,14/5/2025 00:00:00,13,-2
867,1152037857,14/5/2025 00:00:00,13,-2
868,1154158719,14/5/2025 00:00:00,13,-2
869,1156643403,14/5/2025 00:00:00,13,-2
871,1162254278,14/5/2025 00:00:00,13,-2
872,1159625274,14/5/2025 00:00:00,13,-2
874,1152319842,14/5/2025 00:00:00,20,-2
875,1161918113,14/5/2025 00:00:00,13,-2
876,1153274269,14/5/2025 00:00:00,13,-2
880,1162875783,14/5/2025 00:00:00,13,-2
881,1162391096,14/5/2025 00:00:00,13,-2
882,1162391096,14/5/2025 00:00:00,18,-2
883,1154946444,14/5/2025 00:00:00,13,-2
884,1155783184,14/5/2025 00:00:00,4,-1
886,1154246324,14/5/2025 00:00:00,4,-1
887,1152445159,14/5/2025 00:00:00,13,-2
888,1148771452,14/5/2025 00:00:00,13,-2
890,1152090724,14/5/2025 00:00:00,13,-2
892,1161053440,14/5/2025 00:00:00,31,-3
893,1152834535,14/5/2025 00:00:00,13,-2
894,1152543672,14/5/2025 00:00:00,24,-3
895,1159859394,14/5/2025 00:00:00,13,-2
896,1163294430,14/5/2025 00:00:00,5,-1
898,1155186776,14/5/2025 00:00:00,13,-2
900,1163294406,15/5/2025 00:00:00,13,-2
902,1152319842,15/5/2025 00:00:00,16,-2
903,1156352617,15/5/2025 00:00:00,16,-2
904,1159043544,15/5/2025 00:00:00,5,-1
905,1152543672,15/5/2025 00:00:00,13,-2
906,1152010110,15/5/2025 00:00:00,18,-2
907,1159927852,15/5/2025 00:00:00,13,-2
908,1148395708,15/5/2025 00:00:00,18,-2
909,1151858451,15/5/2025 00:00:00,18,-2
910,1158317071,15/5/2025 00:00:00,13,-2
911,1160723621,15/5/2025 00:00:00,8,-1
914,1159392503,15/5/2025 00:00:00,13,-2
915,1165642164,15/5/2025 00:00:00,13,-2
916,1152090575,15/5/2025 00:00:00,49,-10
917,1164794651,15/5/2025 00:00:00,13,-2
918,1158336469,15/5/2025 00:00:00,13,-2
919,1162600850,15/5/2025 00:00:00,13,-2
921,1152436463,15/5/2025 00:00:00,13,-2
922,1149655506,15/5/2025 00:00:00,13,-2
923,1159625274,15/5/2025 00:00:00,13,-2
924,1161156078,15/5/2025 00:00:00,13,-2
925,1159492444,15/5/2025 00:00:00,13,-2
926,1151238456,15/5/2025 00:00:00,8,-1
927,1154246324,18/5/2025 00:00:00,5,-1
928,1163294406,18/5/2025 00:00:00,4,-1
929,1151766068,18/5/2025 00:00:00,4,-1
930,1152445159,18/5/2025 00:00:00,4,-1
931,1152436463,18/5/2025 00:00:00,5,-1
933,1161156078,18/5/2025 00:00:00,5,-1
934,1162516106,18/5/2025 00:00:00,5,-1
936,1148771452,18/5/2025 00:00:00,13,-2
937,1152520381,18/5/2025 00:00:00,13,-2
938,1153191513,18/5/2025 00:00:00,13,-2
941,1151940606,18/5/2025 00:00:00,4,-1
944,1152436463,18/5/2025 00:00:00,13,-2
945,1148771452,18/5/2025 00:00:00,13,-2
946,1163065137,18/5/2025 00:00:00,13,-2
947,1152445159,18/5/2025 00:00:00,13,-2
948,1158223147,18/5/2025 00:00:00,13,-2
949,1158009959,18/5/2025 00:00:00,13,-2
950,1154556516,18/5/2025 00:00:00,13,-2
951,1152090724,18/5/2025 00:00:00,5,-1
952,1154889768,18/5/2025 00:00:00,5,-1
953,1161918113,18/5/2025 00:00:00,5,-1
955,1162333510,18/5/2025 00:00:00,13,-2
956,1151940606,18/5/2025 00:00:00,5,-1
957,1161728488,18/5/2025 00:00:00,13,-2
958,1155783184,18/5/2025 00:00:00,5,-1
959,1154914053,18/5/2025 00:00:00,13,-2
960,1158223147,18/5/2025 00:00:00,13,-2
961,1154346223,18/5/2025 00:00:00,13,-2
962,1159345246,18/5/2025 00:00:00,13,-2
963,1155760554,18/5/2025 00:00:00,13,-2
964,1157950567,18/5/2025 00:00:00,13,-2
965,1156164079,18/5/2025 00:00:00,13,-2
966,1164925792,28/5/2024 00:00:00,18,-2
967,1155937616,28/5/2024 00:00:00,18,-2
968,1155472879,28/5/2024 00:00:00,18,-2
970,1152246904,18/5/2025 00:00:00,13,-2
971,1161452485,18/5/2025 00:00:00,5,-1
972,1152319842,18/5/2025 00:00:00,13,-2
976,1161557069,18/5/2025 00:00:00,13,-2
984,1157678820,19/5/2025 00:00:00,13,-2
985,1152952766,19/5/2025 00:00:00,4,-1
986,1154246324,19/5/2025 00:00:00,4,-1
987,1152834535,19/5/2025 00:00:00,4,-1
989,1161271083,19/5/2025 00:00:00,13,-2
990,1152037857,19/5/2025 00:00:00,4,-1
992,1154246324,19/5/2025 00:00:00,13,-2
993,1162100851,19/5/2025 00:00:00,16,-2
1006,1164925792,20/5/2025 00:00:00,18,-2
1007,1159927852,20/5/2025 00:00:00,13,-2
1008,1160570485,20/5/2025 00:00:00,13,-2
1009,1161077951,20/5/2025 00:00:00,13,-2
1010,1161632987,20/5/2025 00:00:00,13,-2
1011,1160050124,20/5/2025 00:00:00,13,-2
1012,1158705911,20/5/2025 00:00:00,5,-1
1013,1162516106,21/5/2025 00:00:00,13,-2
1014,1152297824,21/5/2025 00:00:00,6,-1
1015,1162706368,21/5/2025 00:00:00,13,-2
1016,1162706368,21/5/2025 00:00:00,16,-2
1017,1159318326,21/5/2025 00:00:00,13,-2
1018,1160692404,21/5/2025 00:00:00,20,-2
1019,1162799033,21/5/2025 00:00:00,20,-2
1020,1162203952,21/5/2025 00:00:00,13,-2
1021,1159318326,21/5/2025 00:00:00,13,-2
1022,1162875783,21/5/2025 00:00:00,13,-2
1024,1154246324,21/5/2025 00:00:00,20,-2
1025,1151305065,21/5/2025 00:00:00,20,-2
1026,1150561817,21/5/2025 00:00:00,20,-2
1027,1159962586,22/5/2025 00:00:00,31,-3
1028,1162516106,22/5/2025 00:00:00,13,-2
1029,1152436463,22/5/2025 00:00:00,18,-2
1030,1148771452,22/5/2025 00:00:00,18,-2
1031,1161557069,4/7/2025 00:00:00,13,-2
1032,1160692404,4/7/2025 00:00:00,13,-2
1033,1159419900,1/9/2025 00:00:00,4,-1
1034,1152319842,2/9/2025 00:00:00,16,-2
1035,1154946444,2/9/2025 00:00:00,16,-2
1036,1159419900,29/10/2025 00:00:00,11,-1
1037,1164397133,2/11/2025 00:00:00,13,-2
1038,1163820606,2/11/2025 00:00:00,13,-2
1039,1165642164,2/11/2025 00:00:00,13,-2
1040,1154952103,2/11/2025 00:00:00,13,-2
1041,1156205278,2/11/2025 00:00:00,13,-2
1042,1153634983,2/11/2025 00:00:00,13,-2
1043,1155210246,2/11/2025 00:00:00,13,-2
1044,1164822619,2/11/2025 00:00:00,13,-2
1045,1167279270,4/11/2025 00:00:00,13,-2
1046,1164926535,4/11/2025 00:00:00,13,-2
1047,1166396844,4/11/2025 00:00:00,13,-2
1048,1164091736,4/11/2025 00:00:00,13,-2
1049,1162875783,5/11/2025 00:00:00,13,-2
1050,1160692404,5/11/2025 00:00:00,13,-2
1051,1163056672,5/11/2025 00:00:00,13,-2
1052,1178117576,5/11/2025 00:00:00,13,-2
1053,1164926535,5/11/2025 00:00:00,13,-2
1054,1166255685,5/11/2025 00:00:00,13,-2
1055,1160968309,5/11/2025 00:00:00,13,-2
1056,1162279986,5/11/2025 00:00:00,13,-2
1057,1162889644,6/11/2025 00:00:00,3,-1
1058,1160548416,6/11/2025 00:00:00,13,-2
1059,1157678820,6/11/2025 00:00:00,13,-2
1060,1161813215,6/11/2025 00:00:00,8,-1
1061,1159625274,6/11/2025 00:00:00,8,-1
1062,1162565111,10/11/2025 00:00:00,13,-2
1063,1165820752,10/11/2025 00:00:00,13,-2
1064,1166973196,11/11/2025 00:00:00,13,-2
1065,1161918113,16/11/2025 00:00:00,13,-2
1066,1164402107,16/11/2025 00:00:00,13,-2
1067,1157678820,17/11/2025 00:00:00,20,-2
1068,1166255685,17/11/2025 00:00:00,13,-2
1069,1163465154,17/11/2025 00:00:00,13,-2
1070,1155645854,1/12/2025 00:00:00,3,-1
1071,1157468537,1/12/2025 00:00:00,3,-1
1072,1161597776,1/12/2025 00:00:00,13,-2
1073,1162279986,2/12/2025 00:00:00,5,-1
1074,1162203952,2/12/2025 00:00:00,5,-1
1075,1162799033,2/12/2025 00:00:00,5,-1
1076,1154869661,2/12/2025 00:00:00,13,-2
1077,1158916989,2/12/2025 00:00:00,13,-2
1078,1158916989,2/12/2025 00:00:00,13,-2
1079,1156653600,2/12/2025 00:00:00,18,-2
1080,1162565111,2/12/2025 00:00:00,13,-2
1081,1166973196,3/12/2025 00:00:00,3,-1
1082,1162720799,3/12/2025 00:00:00,3,-1
1083,1164131664,3/12/2025 00:00:00,3,-1
1084,1158705911,4/12/2025 00:00:00,13,-2
1085,1162254278,4/12/2025 00:00:00,13,-2
1086,1159318326,4/12/2025 00:00:00,13,-2
1087,1158705911,9/12/2025 00:00:00,15,-2
1088,1162565111,9/12/2025 00:00:00,15,-2
1089,1164131664,22/12/2025 00:00:00,13,-2
1090,1155937616,23/12/2025 00:00:00,13,-2
1091,1162254278,23/12/2025 00:00:00,20,-2
1092,1158705911,23/12/2025 00:00:00,20,-2
1093,1169533807,24/12/2025 00:00:00,5,-1
1094,1166973196,24/12/2025 00:00:00,5,-1
1095,1162720799,24/12/2025 00:00:00,5,-1
